{
  "accuracy_score-2_unknown_dataset": "accuracy_score(y_true=y_test, y_pred=predictions)",
  "accuracy_score-3_unknown_dataset": "accuracy_score(y_true=<Series>, y_pred=predictions)",
  "accuracy_score-4_unknown_dataset": "accuracy_score(y_true=y_test, y_pred=predictions)",
  "accuracy_score-5_unknown_dataset": "accuracy_score(y_true=<Series>, y_pred=predictions)",
  "accuracy_score_unknown_dataset": "accuracy_score(y_true=<Series>, y_pred=predictions)",
  "roc_auc_score-2_unknown_dataset": "roc_auc_score(y_true=y_test, y_score=predictions)",
  "roc_auc_score-3_unknown_dataset": "roc_auc_score(y_true=<Series>, y_score=predictions)",
  "roc_auc_score-4_unknown_dataset": "roc_auc_score(y_true=y_test, y_score=predictions)",
  "roc_auc_score-5_unknown_dataset": "roc_auc_score(y_true=<Series>, y_score=predictions)",
  "roc_auc_score_unknown_dataset": "roc_auc_score(y_true=<Series>, y_score=predictions)"
}