{
  "accuracy_score-2_X_test_tfidf-2": "accuracy_score(y_true=y_test, y_pred=predictions)",
  "accuracy_score-3_X_test_tfidf-3": "accuracy_score(y_true=y_test, y_pred=predictions)",
  "accuracy_score-4_X_test_tfidf-4": "accuracy_score(y_true=y_test, y_pred=predictions)",
  "accuracy_score-5_X_test_tfidf-5": "accuracy_score(y_true=y_test, y_pred=predictions)",
  "accuracy_score-6_X_test_tfidf-5": "accuracy_score(y_true=y_test, y_pred=predictions)",
  "accuracy_score_X_test_tfidf": "accuracy_score(y_true=y_test, y_pred=predictions)"
}